,City,Cloudiness,Country,Date,Humidity,Lat,Lng,Max Temp,Wind Speed
0,barrow,0,AR,1562999841,75,-38.31,-60.23,41.27,4.9
1,vao,89,EE,1562999842,61,59.1,26.19,59.81,5.82
2,ribeira grande,20,PT,1562999842,82,41.76,-8.56,72.0,3.36
3,hermanus,0,ZA,1562999842,97,-34.42,19.24,50.0,1.99
4,rikitea,56,PF,1562999843,81,-23.12,-134.97,74.03,11.43
5,coronini,0,RS,1562999843,82,44.68,21.69,69.01,1.12
6,hilo,20,US,1562999843,69,19.71,-155.08,78.01,12.44
7,hue,40,VN,1562999844,33,16.47,107.58,104.0,14.99
8,shingu,75,JP,1562999844,94,33.72,135.99,71.6,8.05
9,tasiilaq,14,GL,1562999844,81,65.61,-37.64,42.8,6.93
10,marondera,0,ZW,1562999845,36,-18.19,31.55,46.4,8.05
11,jamestown,27,AU,1562999845,63,-33.21,138.6,50.99,12.5
12,tiksi,42,RU,1562999845,55,71.64,128.87,49.19,5.77
13,nanortalik,77,GL,1562999846,88,60.14,-45.24,40.73,3.47
14,hithadhoo,0,MV,1562999846,75,-0.6,73.08,84.65,12.86
15,buritizeiro,0,BR,1562999846,63,-17.37,-44.96,55.67,0.96
16,rabak,95,SD,1562999847,62,13.18,32.74,78.17,13.76
17,yellowknife,75,CA,1562999639,66,62.45,-114.38,50.0,6.93
18,albany,20,US,1562999847,77,42.65,-73.75,69.01,4.7
19,punta arenas,20,PH,1562999848,59,14.18,121.12,91.99,10.29
20,provideniya,100,RU,1562999848,44,64.42,-173.23,70.25,5.28
21,northam,29,AU,1562999848,52,-31.65,116.67,64.4,12.75
22,moses lake,100,CI,1562999849,95,6.69,-8.48,70.43,2.48
23,arraial do cabo,0,BR,1562999849,76,-22.84,-46.65,55.4,6.93
24,buraydah,0,SA,1562999518,19,26.33,43.97,96.8,19.46
25,busselton,24,AU,1562999849,44,-33.64,115.35,64.0,9.13
26,xai-xai,83,MZ,1562999850,70,-25.04,33.64,70.97,8.08
27,cape town,18,CL,1562999850,100,-36.41,-71.9,46.4,8.05
28,mahebourg,75,MU,1562999851,56,-20.41,57.7,73.99,6.93
29,vaini,75,IN,1562999851,83,15.34,74.49,80.6,13.87
30,butaritari,28,KI,1562999851,80,3.07,172.79,83.93,15.39
31,maragogi,35,BR,1562999851,95,-9.01,-35.22,67.91,2.95
32,savannah bight,1,US,1562999852,88,32.08,-81.09,79.0,8.05
33,bluff,48,AU,1562999852,36,-23.58,149.07,72.77,9.48
34,ushuaia,75,AR,1562999852,86,-54.81,-68.31,39.2,8.05
35,kruisfontein,6,ZA,1562999508,91,-34.0,24.73,50.81,4.83
36,kapaa,20,US,1562999853,74,22.08,-159.32,82.4,14.99
37,santa barbara,0,PH,1562999853,70,17.49,120.43,85.19,8.61
38,saint-philippe,1,CA,1562999853,88,45.36,-73.48,69.01,6.93
39,port hardy,72,CD,1562999408,52,-7.04,29.76,69.71,3.96
40,qaanaaq,97,GL,1562999854,56,77.48,-69.36,43.79,7.63
41,georgetown,75,GY,1562999698,100,6.8,-58.16,73.4,4.7
42,tianpeng,100,CN,1562999855,92,28.88,112.34,74.03,6.6
43,madanapalle,74,IN,1562999855,43,13.56,78.5,87.53,8.52
44,maceio,20,BR,1562999673,88,-9.67,-35.74,69.8,4.7
45,chokurdakh,73,RU,1562999855,48,70.62,147.9,58.91,10.98
46,torbay,40,CA,1562999681,93,47.66,-52.73,50.0,13.87
47,bubaque,100,GW,1562999856,82,11.28,-15.83,78.35,7.36
48,mar del plata,100,CN,1562999856,94,29.86,90.73,39.11,4.05
49,kolokani,93,ML,1562999857,81,13.58,-8.03,73.31,4.59
50,new norfolk,75,LR,1562999857,100,6.65,-10.59,75.2,9.31
51,lismore,88,AU,1562999857,30,-28.81,153.28,69.8,24.16
52,sao joao da barra,100,IN,1562999857,60,20.51,76.21,85.37,13.98
53,loreto,89,PY,1562999858,43,-23.27,-57.32,74.39,9.04
54,abu samrah,90,JP,1562999858,88,34.51,131.49,71.6,2.24
55,haines junction,1,US,1562999859,46,44.91,-117.94,73.4,8.05
56,komsomolskiy,22,RU,1562999859,40,67.55,63.78,63.59,6.22
57,mys shmidta,96,RU,1562999859,49,62.06,48.62,63.95,1.66
58,san cristobal,87,ML,1562999859,59,13.3,-4.9,80.87,12.62
59,cabo san lucas,40,ES,1562999860,93,43.18,-5.8,70.0,8.05
60,coquimbo,0,CL,1562999860,87,-29.95,-71.34,46.99,3.36
61,lorengau,100,PG,1562999491,73,-2.02,147.27,81.05,11.56
62,port alfred,72,CD,1562999861,52,-7.04,29.76,69.71,3.96
63,praia,0,BR,1562999861,93,-20.25,-43.81,53.6,0.98
64,ust-nera,46,RU,1562999861,40,64.57,143.24,72.95,3.6
65,noumea,90,NC,1562999515,60,-22.28,166.46,75.2,3.36
66,souillac,0,FR,1562999862,82,45.6,-0.6,68.0,2.24
67,kokopo,100,PG,1562999862,95,-4.34,152.27,76.37,2.3
68,ilulissat,8,GL,1562999862,86,69.22,-51.1,41.0,4.83
69,coihaique,90,CL,1562999863,93,-45.58,-72.07,35.6,2.24
70,fairbanks,75,US,1562999828,100,64.84,-147.72,64.4,2.77
71,tingi,14,TZ,1562999863,59,-11.3,35.03,65.75,0.78
72,isangel,40,VU,1562999540,69,-19.55,169.27,77.0,5.82
73,saskylakh,98,RU,1562999864,48,71.97,114.09,61.25,6.71
74,pamanukan,0,ID,1562999864,38,-6.28,107.82,92.39,2.59
75,kovylkino,0,RU,1562999865,73,54.04,43.91,65.03,2.62
76,ankang,3,CN,1562999865,42,32.73,108.99,86.81,4.97
77,dingle,100,PH,1562999865,78,11.0,122.67,82.13,4.09
78,iskateley,100,RU,1562999866,69,67.68,53.15,53.87,10.13
79,naze,91,NG,1562999539,94,5.43,7.07,73.13,1.92
80,atuona,53,PF,1562999866,75,-9.8,-139.03,80.69,14.61
81,alofi,58,NU,1562999866,94,-19.06,-169.92,71.6,6.93
82,sampit,45,ID,1562999867,55,-2.54,112.95,87.17,5.99
83,ambanja,40,MG,1562999867,78,-13.68,48.45,77.0,6.15
84,ponta do sol,70,BR,1562999868,98,-0.53,-65.05,70.61,2.01
85,bambous virieux,75,MU,1562999868,56,-20.26,57.41,73.99,6.93
86,esperance,90,AU,1562999868,62,-33.86,121.89,57.2,3.36
87,mataura,99,NZ,1562999869,90,-46.19,168.86,48.99,1.99
88,gwadar,76,PK,1562999869,82,25.12,62.33,83.39,10.63
89,saldanha,71,PT,1562999869,58,41.42,-6.55,71.69,3.98
90,lebu,90,ET,1562999870,100,8.96,38.73,55.4,6.93
91,hobart,40,AU,1562999751,88,-42.88,147.33,46.4,17.22
92,constitucion,91,MX,1562999870,85,23.99,-104.67,63.0,4.0
93,mustasaari,0,FI,1562999871,51,63.17,21.67,63.0,11.41
94,vasilsursk,80,RU,1562999871,67,56.13,46.01,66.83,5.03
95,port elizabeth,72,CD,1562999871,52,-7.04,29.76,69.71,3.96
96,palmer,20,AU,1562999872,58,-34.85,139.16,55.99,13.87
97,fortuna,0,ES,1562999531,34,38.18,-1.13,82.99,3.36
98,puerto ayora,90,AR,1562999872,100,-51.62,-69.23,37.4,8.05
99,sirnak,0,TR,1562999788,33,37.52,42.46,86.0,8.05
100,vrangel,100,RU,1562999873,98,42.73,133.08,61.43,1.1
101,santa isabel,0,PH,1562999873,70,17.49,120.43,85.19,8.61
102,carnarvon,0,ZA,1562999676,30,-30.97,22.13,49.91,8.14
103,lasa,20,CY,1562999874,65,34.92,32.53,80.6,4.7
104,chuy,85,UY,1562999874,91,-33.69,-53.46,54.05,13.09
105,cayenne,0,GF,1562999874,94,4.94,-52.33,73.4,2.86
106,tuktoyaktuk,75,CA,1562999875,75,69.44,-133.03,46.4,8.05
107,comodoro rivadavia,41,BR,1562999531,61,-13.66,-59.79,69.89,3.02
108,qaqortoq,75,GL,1562999344,75,60.72,-46.03,46.4,4.7
109,waipawa,34,NZ,1562999493,77,-39.94,176.59,54.0,5.99
110,thompson,5,CA,1562999436,67,55.74,-97.86,60.8,4.7
111,ishigaki,75,JP,1562999876,75,24.34,124.16,89.6,21.92
112,poum,0,MK,1562999876,72,41.28,20.71,62.6,1.12
113,bredasdorp,1,ZA,1562999877,97,-34.53,20.04,50.0,1.99
114,cockburn town,40,AU,1562999877,39,-32.08,141.0,57.2,20.8
115,rawlins,1,US,1562999827,42,41.79,-107.24,64.4,5.82
116,shieli,0,KZ,1562999878,11,44.18,66.74,98.51,22.37
117,phulabani,92,IN,1562999878,65,20.47,84.23,86.27,9.69
118,deqing,75,CN,1562999878,100,30.54,119.97,73.4,6.71
119,lodja,15,CD,1562999879,85,-3.52,23.6,72.05,2.71
120,bandundu,35,CD,1562999879,65,-3.32,17.38,73.85,1.25
121,kristiansund,75,NO,1562999879,87,63.12,7.73,53.6,11.41
122,grand river south east,0,FR,1562999553,87,48.39,5.49,60.8,3.36
123,clyde river,43,NZ,1562999880,81,-45.19,169.32,51.01,1.99
124,manturovo,82,RU,1562999880,72,58.33,44.76,56.57,3.51
125,faanui,0,PF,1562999881,68,-16.48,-151.75,77.99,4.07
126,sao filipe,100,IN,1562999881,60,20.51,76.21,85.37,13.98
127,kapuskasing,90,CA,1562999881,93,49.42,-82.43,62.6,6.93
128,canton,1,US,1562999882,93,40.8,-81.38,64.4,2.98
129,stange,0,NO,1562999882,72,60.72,11.19,64.0,5.82
130,gela,5,IT,1562999817,69,37.07,14.25,78.01,3.36
131,kenai,90,US,1562999882,82,60.55,-151.26,57.99,12.75
132,norman wells,1,US,1562999883,83,35.22,-97.44,75.0,6.2
133,aksay,80,KZ,1562999679,60,51.17,53.01,81.05,8.66
134,college,75,US,1562999496,100,64.86,-147.8,64.4,2.77
135,ponta delgada,70,BR,1562999868,98,-0.53,-65.05,70.61,2.01
136,upernavik,42,GL,1562999824,86,72.79,-56.15,44.51,14.09
137,emerald,79,AU,1562999884,31,-23.53,148.16,75.2,14.99
138,yakeshi,57,CN,1562999884,42,49.28,120.73,79.97,9.71
139,findlay,1,US,1562999840,82,41.04,-83.65,69.8,3.36
140,alto araguaia,40,US,1562999534,78,31.65,-95.07,79.0,4.7
141,esfahan,20,IR,1562999885,10,32.66,51.68,95.0,11.41
142,manakara,30,MG,1562999885,67,-22.14,48.01,70.25,3.13
143,bowen,99,AU,1562999886,31,-20.01,148.25,77.0,9.17
144,vila franca do campo,0,IT,1562999886,68,45.18,8.4,75.0,4.7
145,port lincoln,72,CD,1562999886,52,-7.04,29.76,69.71,3.96
146,koumac,74,NC,1562999886,73,-20.56,164.28,71.87,8.52
147,nikolskoye,20,RU,1562999887,59,59.7,30.79,60.8,11.18
148,boden,0,SE,1562999887,54,65.83,21.69,55.4,5.82
149,tuatapere,99,NZ,1562999887,90,-46.13,167.69,48.99,1.99
150,dosso,100,NE,1562999888,71,13.05,3.19,79.25,11.88
151,avarua,59,CK,1562999888,77,-21.21,-159.78,69.8,4.7
152,sembakung,20,ID,1562999889,74,3.82,117.25,84.2,6.93
153,bay village,20,PH,1562999889,59,14.18,121.28,91.99,10.29
154,kuytun,96,RU,1562999889,41,54.34,101.51,75.29,4.94
155,eureka,90,US,1562999721,87,40.8,-124.16,61.0,6.93
156,berlevag,86,NO,1562999890,83,70.86,29.09,44.51,5.37
157,polyarnyy,75,RU,1562999891,93,69.2,33.45,44.6,4.47
158,redwater,90,CA,1562999891,77,53.95,-113.11,66.2,12.75
159,dikson,81,RU,1562999891,95,73.51,80.55,32.09,11.61
160,abu kamal,90,JP,1562999892,88,34.51,131.49,71.6,2.24
161,thinadhoo,34,MV,1562999848,76,0.53,72.93,84.47,12.41
162,guymon,1,US,1562999607,78,36.68,-101.48,71.6,6.93
163,yulara,0,AU,1562999892,29,-25.24,130.99,66.2,8.05
164,tawang,100,BT,1562999893,98,27.59,91.87,58.19,1.41
165,denpasar,20,ID,1562999893,61,-8.65,115.22,82.4,16.11
166,siocon,100,PH,1562999893,76,11.03,124.04,83.57,6.8
167,makakilo city,40,US,1562999894,69,21.35,-158.09,82.4,4.7
168,kiyevskoye,40,RU,1562999894,93,45.04,37.89,64.4,4.47
169,garden city,40,DE,1562999894,82,53.69,12.05,66.99,3.36
170,hofn,98,IS,1562999895,96,64.25,-15.21,42.17,1.95
171,grand forks,0,FR,1562999895,87,48.39,5.49,64.4,3.36
172,geraldton,5,CA,1562999895,87,49.72,-86.95,59.0,5.82
173,taoudenni,0,ML,1562999514,6,22.68,-3.98,89.87,7.43
174,leningradskiy,96,RU,1562999896,78,69.38,178.42,47.21,7.56
175,kefamenanu,67,ID,1562999847,44,-9.45,124.48,80.33,7.36
176,revda,99,RU,1562999896,82,67.94,34.55,47.39,2.24
177,kaitangata,100,NZ,1562999897,53,-46.28,169.85,54.0,1.01
178,kodiak,1,US,1562999897,88,39.95,-94.76,73.4,5.82
179,iqaluit,20,CA,1562999897,87,63.75,-68.52,46.4,4.09
180,tura,87,RU,1562999498,46,64.27,100.22,75.11,15.03
181,salalah,90,OM,1562999629,94,17.01,54.1,80.6,9.17
182,castro,90,CL,1562999898,93,-42.48,-73.76,44.6,8.05
183,villa rica,20,IT,1562999898,87,46.06,11.52,73.99,9.17
184,manutuke,15,NZ,1562999898,55,-38.68,177.91,60.01,4.0
185,colares,75,PT,1562999899,100,38.8,-9.45,66.2,3.36
186,pimentel,54,BR,1562999899,99,-3.7,-45.5,70.07,1.14
187,puerto madero,90,AR,1562999899,100,-51.62,-69.23,37.4,8.05
188,lavrentiya,100,RU,1562999516,42,65.58,-170.99,69.71,5.61
189,barrington,75,US,1562999900,73,41.74,-71.31,72.0,6.93
190,ugoofaaru,76,MV,1562999900,69,5.67,73.0,84.11,5.19
191,tual,51,ID,1562999900,79,-5.67,132.75,77.63,17.96
192,east london,89,UG,1562999901,88,3.43,31.7,70.61,1.32
193,lhokseumawe,54,ID,1562999901,66,5.18,97.15,84.83,4.63
194,yerbogachen,11,RU,1562999902,36,61.28,108.01,75.29,10.42
195,bethel,90,US,1562999902,93,60.79,-161.76,60.8,10.29
196,alice springs,67,ZA,1562999903,95,-32.79,26.83,48.83,1.41
197,necochea,13,AR,1562999903,89,-38.55,-58.74,48.99,3.0
198,pervomaysk,0,RU,1562999903,68,54.87,43.81,65.75,3.44
199,srednekolymsk,59,RU,1562999904,39,67.46,153.71,82.31,4.79
200,puerto padre,90,AR,1562999904,100,-51.62,-69.23,37.4,8.05
201,starobaltachevo,74,RU,1562999904,76,56.0,55.92,74.57,9.64
202,petropavlovsk-kamchatskiy,75,RU,1562999905,82,53.05,158.65,55.4,8.95
203,obo,99,CF,1562999905,92,5.39,26.49,69.89,0.43
204,povenets,89,RU,1562999905,92,62.85,34.83,47.93,5.46
205,khatanga,94,RU,1562999905,62,71.98,102.47,55.85,9.1
206,tombouctou,36,ML,1562999906,45,16.77,-3.01,87.35,18.23
207,carnot,100,CF,1562999906,93,4.94,15.87,68.99,0.98
208,zambezi,0,ZM,1562999906,38,-13.55,23.12,50.63,7.07
209,kon tum,20,CI,1562999907,94,5.22,-3.39,75.2,4.7
210,narsaq,75,GL,1562999907,75,60.91,-46.05,46.4,4.7
211,bandarbeyla,97,SO,1562999907,38,9.49,50.81,88.25,32.5
212,rocha,98,UY,1562999907,92,-34.48,-54.34,51.35,7.43
213,cururupu,32,BR,1562999908,98,-1.82,-44.87,71.15,1.79
214,frontera,72,MX,1562999908,81,18.53,-92.64,82.85,11.79
215,padang,0,ID,1562999509,72,-0.92,100.36,82.67,6.96
216,burns lake,1,US,1562999909,40,43.59,-119.05,73.4,12.75
217,bergen,75,NO,1562999909,93,60.39,5.33,55.99,6.93
218,ratnagiri,84,IN,1562999910,82,16.98,73.3,82.31,12.97
219,vanimo,66,PG,1562999910,72,-2.67,141.3,82.13,8.46
220,itoman,40,JP,1562999910,74,26.12,127.67,89.6,13.87
221,lichinga,18,MZ,1562999911,60,-13.3,35.25,67.01,2.17
222,luwuk,100,ID,1562999911,93,-0.95,122.79,63.41,6.44
223,faya,5,SA,1562999911,31,18.39,42.45,78.8,11.41
224,san rafael,87,ML,1562999859,59,13.3,-4.9,80.87,12.62
225,rincon,100,PA,1562999912,76,8.46,-82.28,55.99,5.01
226,hasaki,75,JP,1562999912,74,35.73,140.83,78.8,10.29
227,samarai,100,PG,1562999912,96,-10.62,150.67,72.95,3.91
228,flin flon,75,FR,1562999913,82,48.5,6.66,64.4,2.24
229,jumla,72,NP,1562999913,75,29.28,82.18,66.47,4.94
230,balabac,93,PH,1562999913,70,7.99,117.06,83.39,7.49
231,dillon,40,US,1562999913,87,45.22,-112.64,64.0,5.82
232,santa isabel do rio negro,0,PH,1562999853,70,17.49,120.43,85.19,8.61
233,imeni babushkina,100,NG,1562999914,97,7.32,5.96,68.27,2.59
234,kiunga,99,PG,1562999914,64,-6.12,141.3,81.23,3.06
235,dutse,70,NG,1562999528,73,11.76,9.34,75.65,5.64
236,khilok,65,RU,1562999915,31,51.36,110.46,83.93,8.23
237,bereda,0,ES,1562999915,82,43.27,-7.54,69.01,2.24
238,xichang,100,CN,1562999915,88,27.88,102.25,58.19,2.62
239,oxford,0,GB,1562999662,82,51.75,-1.26,62.01,10.29
240,buchanan,75,LR,1562999916,100,5.88,-10.05,75.2,12.41
241,lazaro cardenas,75,MX,1562999916,43,29.05,-111.04,91.4,11.41
242,ocos,40,GT,1562999917,94,14.51,-92.19,75.2,15.01
243,acari,0,BR,1562999917,78,-6.44,-36.64,70.43,16.06
244,bilibino,86,RU,1562999498,37,68.06,166.44,75.83,14.94
245,camacha,75,PT,1562999918,88,33.08,-16.33,69.8,10.29
246,sobolevo,0,RU,1562999918,71,54.43,31.9,54.23,5.3
247,houyet,57,BE,1562999918,87,50.19,5.01,62.01,8.05
248,wilmington,40,US,1562999919,83,39.75,-75.55,72.0,2.13
249,lidzbark warminski,100,PL,1562999919,73,53.26,19.82,64.0,1.01
250,namibe,1,AO,1562999919,85,-15.19,12.15,65.21,3.51
251,manta,56,RO,1562999919,59,45.1,24.1,62.15,1.48
252,oyama,75,JP,1562999522,74,36.31,139.8,82.99,6.93
253,manokwari,65,ID,1562999920,75,-0.87,134.08,78.17,5.19
254,murmashi,75,RU,1562999920,93,68.82,32.82,44.6,4.47
255,victoria,75,BN,1562999821,62,5.28,115.24,89.6,3.36
256,tevaitoa,0,PF,1562999921,68,-16.78,-151.5,77.81,3.06
257,kieta,44,PG,1562999921,78,-6.22,155.63,82.85,11.05
258,jacareacanga,60,BR,1562999921,76,-6.22,-57.76,72.95,2.15
259,garachine,70,PA,1562999922,72,8.06,-78.36,81.59,2.77
260,thayetmyo,100,MM,1562999922,61,19.32,95.18,87.71,8.61
261,kavaratti,49,IN,1562999513,76,10.57,72.64,83.21,11.5
262,yermish,2,RU,1562999923,71,54.77,42.27,62.33,4.97
263,rio grande,1,US,1562999923,88,41.11,-90.4,73.0,2.91
264,zhireken,59,RU,1562999923,26,52.82,117.29,83.57,4.9
265,macia,80,MZ,1562999923,72,-25.03,33.09,67.73,7.83
266,arroyo,33,BO,1562999924,78,-11.08,-66.08,72.77,1.16
267,pevek,100,RU,1562999924,99,69.7,170.27,39.83,5.82
268,kwinana,40,AU,1562999925,55,-32.25,115.77,66.2,10.29
269,kavieng,100,PG,1562999925,74,-2.57,150.8,81.95,5.88
270,barra patuca,91,GM,1562999925,76,13.49,-16.54,76.55,9.57
271,likasi,1,CD,1562999925,40,-10.99,26.74,55.49,7.02
272,lensk,100,RU,1562999507,73,60.71,114.91,67.37,3.67
273,chillan,52,CL,1562999724,100,-36.61,-72.1,46.4,8.05
274,vila velha,0,IT,1562999536,68,45.18,8.4,75.99,4.7
275,shubarshi,54,KZ,1562999926,11,48.59,57.19,101.03,20.04
276,seredka,0,RU,1562999927,57,58.06,38.14,57.83,4.0
277,whitianga,50,NZ,1562999927,85,-36.83,175.7,57.99,1.99
278,dicabisagan,72,PH,1562999927,56,17.08,122.42,90.59,4.07
279,mena,0,UA,1562999928,79,51.52,32.22,59.81,4.9
280,chadiza,0,ZM,1562999928,60,-14.06,32.43,59.63,7.36
281,cap malheureux,0,FR,1562999929,87,49.27,-1.21,63.0,10.29
282,broome,75,GB,1562999535,87,52.47,1.45,62.01,6.93
283,chaoyang,69,CN,1562999929,30,41.58,120.44,86.63,10.38
284,requena,0,ES,1562999929,57,39.49,-1.1,80.01,1.12
285,lenger,0,KZ,1562999930,16,42.18,69.89,102.2,6.71
286,mukhen,85,RU,1562999930,71,48.19,136.14,77.27,7.16
287,banda aceh,92,IN,1562999930,53,28.24,80.11,94.55,15.39
288,beroroha,0,MG,1562999931,59,-21.68,45.17,68.81,5.23
289,naryan-mar,100,RU,1562999931,69,67.67,53.09,53.87,10.13
290,ofaqim,9,IL,1562999931,63,31.31,34.62,84.0,1.99
291,nibbar,0,TN,1562999932,46,36.29,8.77,73.4,4.7
292,yamada,75,JP,1562999932,69,36.58,137.08,81.0,2.24
293,vostok,85,RU,1562999506,48,46.45,135.83,77.99,3.22
294,deputatskiy,71,RU,1562999932,66,69.3,139.9,60.53,7.76
295,bramsche,75,DE,1562999933,82,52.41,7.98,61.0,8.05
296,arzgir,100,RU,1562999933,55,45.37,44.21,69.35,2.55
297,cintalapa,100,MX,1562999933,97,16.7,-93.73,68.81,2.21
298,beloha,0,MG,1562999934,60,-25.17,45.06,65.57,8.08
299,nishihara,40,JP,1562999509,83,35.74,139.53,82.99,4.7
300,ancud,90,CL,1562999935,93,-41.87,-73.83,44.6,8.05
301,liuhe,74,CN,1562999935,62,42.28,125.73,77.81,4.16
302,mabaruma,1,GY,1562999936,99,8.2,-59.78,71.33,2.53
303,vardo,1,US,1562999936,94,39.62,-77.74,70.0,2.66
304,ust-maya,49,RU,1562999936,40,60.42,134.54,84.47,2.59
305,kasongo,48,CD,1562999937,73,-4.43,26.67,75.11,4.45
306,pombas,0,BR,1562999937,52,-15.9,-54.74,62.69,1.61
307,zhigansk,100,RU,1562999937,48,66.77,123.37,68.63,19.39
308,san patricio,87,ML,1562999937,59,13.3,-4.9,80.87,12.62
309,masvingo,0,ZW,1562999938,32,-20.08,30.83,57.11,4.0
310,mokhsogollokh,67,RU,1562999537,31,61.4,128.95,88.25,3.4
311,kaseda,75,JP,1562999938,88,31.42,130.32,82.4,6.93
312,talnakh,75,RU,1562999939,76,69.49,88.39,53.6,17.9
313,bathsheba,20,BB,1562999939,83,13.22,-59.52,80.6,18.34
314,ajdabiya,0,LY,1562999939,57,30.75,20.22,75.47,6.49
315,paita,0,PE,1562999940,91,-5.09,-81.11,64.13,8.5
316,rundu,0,NA,1562999940,39,-17.91,19.77,50.0,3.36
317,nouadhibou,0,MR,1562999940,82,20.93,-17.03,68.0,10.29
318,auki,89,NG,1562999941,70,12.18,6.51,75.47,9.08
319,nanakuli,40,US,1562999941,69,21.39,-158.15,82.4,4.7
320,rosarito,40,CO,1562999941,94,4.91,-75.23,69.8,5.82
321,ballina,90,IE,1562999942,81,54.11,-9.15,57.0,6.93
322,bambanglipuro,0,ID,1562999942,79,-7.95,110.28,75.65,18.68
323,monticello,1,US,1562999942,88,40.03,-88.57,69.8,1.19
324,klaksvik,94,FO,1562999943,93,62.23,-6.59,51.8,1.12
325,gorom-gorom,85,BF,1562999943,55,14.45,-0.24,83.57,17.6
326,aquiraz,75,BR,1562999894,78,-3.9,-38.39,79.0,11.41
327,mnogovershinnyy,82,RU,1562999538,61,53.94,139.92,68.99,1.5
328,rioblanco,86,CO,1562999944,92,3.53,-75.64,44.33,4.54
329,kudahuvadhoo,0,MV,1562999486,76,2.67,72.89,84.11,11.12
330,sao geraldo do araguaia,100,IN,1562999944,60,20.51,76.21,85.37,13.98
331,balotra,82,IN,1562999944,45,25.83,72.24,94.73,25.57
332,puerto escondido,90,AR,1562999899,100,-51.62,-69.23,37.4,8.05
333,salekhard,34,RU,1562999945,38,66.54,66.62,66.11,3.42
334,benguela,0,AO,1562999945,88,-12.58,13.4,66.2,2.66
335,ewa beach,95,CM,1562999946,96,5.76,9.91,69.53,0.31
336,ambon,0,FR,1562999946,93,47.55,-2.56,63.0,8.05
337,mount isa,75,GB,1562999946,87,53.66,-1.85,62.01,8.05
338,kigoma,75,TZ,1562999947,82,-4.88,29.64,64.4,1.99
339,rameswaram,30,IN,1562999929,72,9.28,79.3,85.37,14.45
340,vigia,75,PT,1562999947,93,40.51,-8.69,68.0,9.17
341,kharakvasla,99,IN,1562999948,84,18.43,73.77,76.55,11.25
342,kingseat,75,GB,1562999948,100,56.1,-3.41,60.01,5.82
343,adrar,0,DZ,1562999948,10,27.87,-0.29,87.8,13.87
344,surt,0,LY,1562999253,77,31.21,16.59,78.53,5.66
345,port macquarie,72,CD,1562999886,52,-7.04,29.76,69.71,3.96
346,terrace bay,75,CA,1562999949,68,54.52,-128.61,64.4,6.93
347,erzin,40,TR,1562999950,54,36.95,36.2,84.2,16.11
348,cherskiy,12,RU,1562999950,41,68.75,161.3,74.75,4.29
349,itarema,2,BR,1562999517,91,-2.92,-39.92,72.41,5.93
350,gazli,0,UZ,1562999951,8,40.13,63.45,105.35,17.87
351,indore,40,US,1562999951,88,38.35,-81.15,69.8,0.18
352,vestmannaeyjar,98,IS,1562999952,94,63.44,-20.27,52.61,7.72
353,rovaniemi,90,FI,1562999952,81,66.5,25.72,46.4,6.93
354,bad munstereifel,43,YE,1562999952,36,14.54,44.22,79.61,0.6
355,husavik,49,CA,1562999952,79,50.56,-96.99,63.0,4.34
356,san clemente,87,ML,1562999910,59,13.3,-4.9,80.87,12.62
357,kodinsk,15,RU,1562999953,26,58.6,99.18,83.75,3.98
358,lata,67,IN,1562999953,95,30.78,78.62,48.83,7.9
359,rorvik,100,NO,1562999954,95,64.86,11.24,51.01,7.56
360,nemuro,75,JP,1562999954,93,43.32,145.57,64.4,4.7
361,mecca,67,SA,1562999782,17,21.43,39.83,97.61,9.93
362,aspindza,99,GE,1562999954,85,41.57,43.25,52.97,3.24
363,muli,100,CN,1562999955,97,28.08,109.56,68.99,1.68
364,dukat,2,AL,1562999955,71,40.25,19.57,78.01,2.82
365,bloomsburg,1,US,1562999955,100,41.0,-76.45,66.99,1.36
366,kirakira,50,SB,1562999956,72,-10.46,161.92,83.39,4.5
367,avera,1,US,1562999956,88,33.19,-82.53,79.0,4.7
368,nacala,20,MZ,1562999495,73,-14.56,40.69,73.4,17.22
369,derzhavinsk,0,KZ,1562999956,29,51.1,66.31,86.09,15.3
370,portland,90,US,1562999273,93,43.66,-70.25,68.0,5.82
371,hami,0,CN,1562999957,19,42.84,93.51,89.51,8.19
372,zyryanovsk,50,KZ,1562999957,63,49.74,84.27,70.25,4.43
373,touros,20,BR,1562999534,100,-5.2,-35.46,73.4,4.7
374,mackay,66,CA,1562999488,67,53.65,-115.58,59.0,4.7
375,grand centre,0,FR,1562999535,87,48.39,5.49,60.8,3.36
376,wanning,75,AT,1562999523,87,48.64,13.53,60.01,14.99
377,narasannapeta,78,IN,1562999959,46,18.42,84.04,95.63,8.84
378,port hedland,72,CD,1562999959,52,-7.04,29.76,69.71,3.96
379,buluang,90,PH,1562999959,70,10.47,123.98,84.2,4.7
380,elista,0,RU,1562999959,64,46.31,44.27,69.8,6.71
381,oranjemund,0,ZA,1562999487,94,-28.55,16.43,54.05,13.22
382,berdigestyakh,24,RU,1562999494,35,62.1,126.7,86.99,5.59
383,bambari,100,CF,1562999961,93,5.77,20.68,70.25,1.72
384,yenagoa,87,NG,1562999961,94,4.92,6.26,72.95,1.05
385,katsuura,75,JP,1562999961,88,33.93,134.5,73.99,4.7
386,rosario,0,UY,1562999961,97,-34.31,-57.35,42.01,10.56
387,yumen,100,CN,1562999962,34,40.29,97.04,77.81,1.77
388,zalantun,81,CN,1562999501,77,48.0,122.72,73.31,3.18
389,altay,19,CN,1562999962,41,47.83,88.13,66.29,5.7
390,paoua,85,CF,1562999963,92,7.24,16.43,69.71,0.56
391,saint-augustin,20,CA,1562999963,93,45.63,-73.98,66.99,3.36
392,saint-joseph,75,FR,1562999964,78,43.56,6.97,82.0,3.36
393,santiago de cao,77,PH,1562999964,54,16.69,121.54,90.59,4.5
394,caconda,0,AO,1562999964,38,-13.73,15.06,52.25,4.5
395,castrillon,40,ES,1562999965,93,43.4,-6.79,66.99,8.05
396,santa vitoria do palmar,0,PH,1562999873,70,17.49,120.43,85.19,8.61
397,kaliganj,40,BD,1562999965,67,22.46,89.03,93.2,11.41
398,caravelas,0,BR,1562999498,83,-17.73,-39.27,67.55,4.21
399,sergeyevka,0,KZ,1562999504,50,53.88,67.42,80.87,11.56
400,axel,90,BE,1562999966,93,51.27,3.91,63.0,2.24
401,charters towers,1,US,1562999966,93,38.57,-83.43,69.01,1.66
402,nome,1,US,1562999967,88,30.04,-94.42,84.0,4.7
403,laguna,75,BZ,1562999967,94,16.17,-88.94,78.8,1.99
404,fukue,75,JP,1562999967,69,35.03,136.69,82.99,4.7
405,elizabeth city,1,US,1562999739,73,40.66,-74.21,75.99,5.03
406,lufilufi,75,WS,1562999968,94,-13.87,-171.6,77.0,4.7
407,filiatra,0,GR,1562999968,53,37.16,21.59,78.01,6.93
408,nagato,75,JP,1562999968,83,34.35,131.14,71.6,9.17
409,alice town,67,ZA,1562999519,95,-32.79,26.83,48.83,1.41
410,muros,20,ES,1562999969,88,42.77,-9.06,71.01,4.7
411,boditi,100,ET,1562999969,88,6.95,37.86,66.29,2.91
412,trinidad,33,BO,1562999757,68,-14.83,-64.9,73.49,2.48
413,arles,0,FR,1562999970,50,43.68,4.63,79.0,10.29
414,zhezkazgan,0,KZ,1562999970,18,47.8,67.71,91.4,15.66
415,rexburg,1,US,1562999970,59,43.82,-111.79,66.2,8.05
416,safranbolu,20,TR,1562999971,68,41.25,32.69,68.0,6.93
417,benjamin aceval,53,US,1562999971,46,33.58,-99.79,78.53,8.97
418,svetlogorsk,40,RU,1562999971,36,53.14,59.15,80.6,4.47
419,ketchikan,1,US,1562999971,93,55.34,-131.65,57.2,4.7
420,gat,78,SN,1562999525,83,14.69,-16.54,75.2,2.24
421,yagodnoye,80,RU,1562999972,30,62.52,149.63,78.71,4.29
422,luderitz,0,NA,1562999972,87,-26.65,15.16,48.2,8.05
423,lodwar,100,KE,1562999973,49,3.12,35.6,82.13,10.8
424,kisangani,81,CD,1562999974,87,0.52,25.21,71.33,2.75
425,erdenet,45,MN,1562999974,68,49.03,104.04,71.33,9.75
426,ostrovnoy,51,RU,1562999974,63,68.05,39.51,49.55,6.76
427,airai,56,TL,1562999525,49,-8.93,125.41,81.59,4.72
428,chunhuhub,100,MX,1562999975,92,19.59,-88.59,73.49,3.09
429,marrakesh,0,MA,1562999975,77,31.63,-7.99,66.2,3.36
430,corumba,0,BR,1562999975,53,-19.0,-57.65,67.37,2.42
431,ambilobe,0,MG,1562999976,44,-13.19,49.05,78.53,9.78
432,hambantota,20,LK,1562999976,74,6.12,81.12,87.8,14.99
433,poronaysk,100,RU,1562999977,94,49.22,143.1,52.43,3.36
434,mpulungu,2,ZM,1562999977,52,-8.77,31.12,64.49,4.07
435,george,20,MW,1562999977,72,-15.35,34.83,64.4,5.82
436,winslow,0,GB,1562999978,82,51.94,-0.88,62.01,10.29
437,matamoros,1,US,1562999978,88,25.87,-97.51,82.99,4.7
438,pacific grove,1,US,1562999978,87,47.26,-122.25,68.0,4.92
439,grindavik,90,IS,1562999514,93,63.84,-22.43,53.6,9.17
440,cocobeach,75,GA,1562999979,88,1.01,9.58,75.2,8.05
441,sambava,0,MG,1562999545,57,-14.27,50.17,74.21,3.85
442,longyearbyen,90,NO,1562999979,86,78.22,15.63,39.2,17.22
443,hualmay,100,PE,1562999980,86,-11.1,-77.61,61.97,14.29
444,yablonovo,20,RU,1562999981,72,50.85,37.36,64.4,4.47
445,sourpi,0,GR,1562999981,69,39.1,22.9,75.2,2.48
446,tongren,100,CN,1562999982,96,27.72,109.18,69.17,1.63
447,honningsvag,99,NO,1562999982,81,70.98,25.97,45.05,12.33
448,sioux lookout,40,US,1562999982,88,46.74,-90.88,70.0,3.36
449,san quintin,87,ML,1562999859,59,13.3,-4.9,80.87,12.62
450,igarka,28,RU,1562999983,53,67.47,86.57,68.45,18.01
451,kalakamati,0,BW,1562999983,33,-20.59,27.31,46.4,1.12
452,svetlaya,63,RU,1562999983,61,46.54,138.33,67.37,8.08
453,takoradi,60,GH,1562999516,96,4.89,-1.75,71.15,3.15
454,tessalit,0,ML,1562999517,20,20.2,1.01,87.53,10.58
455,celestun,98,MX,1562999984,73,20.87,-90.4,83.39,13.42
456,itacoatiara,54,BR,1562999984,97,-3.14,-58.44,71.15,1.52
457,port-cartier,90,CA,1562999985,93,50.03,-66.88,55.99,14.99
458,salta,90,AR,1562999985,87,-24.79,-65.41,59.0,3.36
459,eyl,55,SO,1562999985,42,7.98,49.82,85.73,32.75
460,kununurra,31,AU,1562999986,17,-15.77,128.74,86.0,12.75
461,fujin,100,CN,1562999986,71,47.24,132.03,78.35,9.04
462,kerrville,1,US,1562999741,68,30.05,-99.14,73.99,5.26
463,alamosa,1,US,1562999987,66,37.47,-105.87,57.2,10.71
464,innisfail,64,AU,1562999987,53,-17.52,146.03,69.01,3.0
465,lagoa,75,PT,1562999987,94,37.14,-8.45,69.01,6.93
466,redcliffe,20,AU,1562999988,45,-31.94,115.94,66.2,11.41
467,severo-kurilsk,91,RU,1562999488,95,50.68,156.12,44.87,7.47
468,shiyan,0,CN,1562999988,27,32.65,110.78,88.0,1.01
469,tornio,0,FI,1562999988,62,61.12,27.27,64.0,4.7
470,cabedelo,75,BR,1562999989,100,-6.97,-34.84,73.4,4.34
471,sacile,40,IT,1562999988,83,45.95,12.5,72.0,3.36
472,margate,40,AU,1562999989,88,-43.03,147.26,46.4,17.22
473,shaunavon,27,CA,1562999989,63,49.65,-108.41,64.13,10.0
474,arlit,0,NE,1562999990,31,18.74,7.39,89.51,11.32
475,katangli,100,RU,1562999506,89,51.71,143.23,50.99,13.18
476,tigil,24,RU,1562999990,61,57.8,158.67,70.43,7.34
477,sabha,0,LY,1562999991,11,27.03,14.43,91.85,5.46
478,selaphum,40,TH,1562999991,49,16.03,103.94,93.2,5.82
479,tautira,75,PF,1562999991,88,-17.73,-149.15,75.2,9.17
480,vanavara,45,RU,1562999992,35,60.35,102.28,79.97,6.58
481,paamiut,100,GL,1562999556,92,61.99,-49.67,41.63,11.5
482,quelimane,20,MZ,1562999992,88,-17.88,36.89,62.6,3.36
483,awjilah,0,LY,1562999993,45,29.14,21.3,78.89,10.31
484,mahibadhoo,28,MV,1562999993,75,3.78,72.97,83.93,9.24
485,yauya,32,PE,1562999993,94,-8.99,-77.29,38.57,5.19
486,santa rosa,0,PH,1562999994,70,17.49,120.43,85.19,8.61
487,iisalmi,75,FI,1562999994,70,63.56,27.19,48.2,8.05
488,san luis,87,ML,1562999859,59,13.3,-4.9,80.87,12.62
489,satuk,20,TR,1562999994,68,41.23,32.38,68.0,6.93
490,tomatlan,99,MX,1562999995,83,19.93,-105.25,81.41,6.44
491,mountain home,1,CA,1562999995,93,45.03,-75.49,64.4,5.82
492,ushtobe,17,KZ,1562999995,24,45.25,77.98,87.17,14.43
493,oussouye,100,SN,1562999996,76,12.49,-16.54,77.63,11.25
494,mayo,90,CA,1562999996,77,63.59,-135.9,60.8,3.36
495,mount gambier,75,GB,1562999529,87,53.66,-1.85,61.0,8.05
496,ridgecrest,0,US,1562999786,17,35.62,-117.67,89.01,7.0
497,martapura,34,ID,1562999997,63,-3.41,114.85,85.37,11.5
498,manacapuru,0,BR,1562999998,100,-3.3,-60.62,73.4,0.92
499,gallup,20,US,1562999998,37,35.53,-108.74,73.4,3.36
500,maniitsoq,100,GL,1562999998,82,65.42,-52.9,44.15,16.08
501,beitbridge,0,ZA,1562999999,75,-22.21,29.99,56.39,8.88
502,labuhan,90,ID,1562999999,44,-2.54,115.51,91.13,0.85
503,meiganga,77,CM,1562999999,95,6.52,14.29,64.49,1.54
504,jinka,100,ET,1562999999,92,5.79,36.57,64.85,1.59
505,port-gentil,75,GA,1562999557,100,-0.72,8.78,73.4,6.93
506,grand gaube,0,FR,1563000001,87,48.39,5.49,64.4,3.36
507,viedma,0,AR,1563000001,60,-40.81,-62.99,43.25,7.54
508,kortkeros,75,RU,1563000001,93,61.81,51.56,59.0,6.71
509,borovskoy,0,KZ,1562999736,48,53.8,64.15,83.75,16.24
510,smithers,90,CA,1562999707,82,54.78,-127.17,60.8,2.24
511,hay river,2,AU,1562999487,50,-34.51,144.84,53.51,22.08
512,miracema,0,BR,1563000002,78,-21.41,-42.2,56.03,2.08
513,cairns,68,AU,1563000002,47,-16.92,145.77,78.01,17.22
514,juru,9,BR,1563000003,87,-7.54,-37.82,61.79,6.98
515,sandwick,94,GB,1563000003,100,54.57,-2.89,62.01,4.7
516,zhangjiakou,87,CN,1563000003,31,40.77,114.88,78.17,5.88
517,ngunguru,35,NZ,1563000004,90,-35.62,174.5,57.99,5.01
518,sosnovka,4,RU,1563000004,71,53.23,41.37,63.95,6.17
519,crab hill,90,US,1563000004,83,37.27,-76.49,81.0,4.7
520,kahului,40,US,1562999774,69,20.89,-156.47,80.6,18.34
521,flinders,0,AU,1563000005,57,-34.58,150.85,55.99,26.4
522,porto novo,90,PT,1562999933,100,41.15,-8.61,68.0,8.05
523,omboue,80,GA,1563000006,91,-1.57,9.26,72.95,9.57
524,waddan,0,LY,1563000006,44,29.16,16.14,81.95,8.5
525,mubende,100,UG,1563000006,93,0.56,31.4,63.41,2.1
526,leshukonskoye,0,RU,1563000007,51,64.9,45.76,61.61,4.16
527,andilamena,77,MG,1563000007,79,-17.01,48.57,61.97,9.93
